{"temperature": 23.2, "light": 49.0, "humidity": 17.0, "pressure": 97292.0, "moisture": 1012.0, "time": 1511972390.0}
{"temperature": 24.2, "light": 50.0, "humidity": 17.0, "pressure": 97287.3, "moisture": 1012.0, "time": 1511972355.0}
{"temperature": 25.2, "light": 51.0, "humidity": 17.0, "pressure": 97288.3, "moisture": 1013.0, "time": 1511972321.0}
{"temperature": 25.5, "light": 52.0, "humidity": 17.0, "pressure": 97290.3, "moisture": 1014.0, "time": 1511972321.0}
{"temperature": 25.7, "light": 53.0, "humidity": 17.0, "pressure": 97292.0, "moisture": 1015.0, "time": 1511972321.0}
{"temperature": 25.3, "light": 54.0, "humidity": 17.0, "pressure": 97292.3, "moisture": 1016.0, "time": 1511972321.0}
{"temperature": 24.2, "light": 55.0, "humidity": 17.0, "pressure": 97291.7, "moisture": 1017.0, "time": 1511972286.0}
{"temperature": 19.2, "light": 56.0, "humidity": 17.0, "pressure": 97293.3, "moisture": 1018.0, "time": 1511972148.0}
{"temperature": 18.2, "light": 55.0, "humidity": 17.0, "pressure": 97293.3, "moisture": 1019.0, "time": 1511972148.0}
{"temperature": 17.2, "light": 52.0, "humidity": 17.0, "pressure": 97291.7, "moisture": 1020.0, "time": 1511972114.0}
{"temperature": 17.1, "light": 51.0, "humidity": 17.0, "pressure": 97291.7, "moisture": 1021.0, "time": 1511972114.0}
{"temperature": 17.0, "light": 49.0, "humidity": 17.0, "pressure": 97291.7, "moisture": 1018.0, "time": 1511972114.0}
{"temperature": 17.2, "light": 48.0, "humidity": 17.0, "pressure": 97291.7, "moisture": 1017.0, "time": 1511972114.0}
{"temperature": 19.2, "light": 47.0, "humidity": 17.0, "pressure": 97291.7, "moisture": 1016.0, "time": 1511972114.0}
{"temperature": 21.2, "light": 48.0, "humidity": 17.0, "pressure": 97291.7, "moisture": 1014.0, "time": 1511972114.0}
